day,terminals
lundi,6.857142857
mardi,6.28
mercredi,5.903846154
jeudi,6.576923077
vendredi,8.607843137
samedi,1.685714286
dimanche,1.705882353
